entity,tag,category,tag_status
?????,@genealogy,entity,TRUE
???,@genealogy,entity,TRUE
???,@age,entity,TRUE
???,@origins,entity,TRUE
???,@first,entity,TRUE
?????? ??????,@MigrationAbyssinia,event,TRUE
????,@migration,event,TRUE
??????,@migration,event,TRUE
?????,@migration,event,TRUE
???,@raid,event,TRUE
????,@raid,event,TRUE
???????,@raid,event,TRUE
????,@expedition,event,TRUE
????,@fighting,event,TRUE
??????,@fighting,event,TRUE
???,@poetry,entity,TRUE
?????,@poetry,entity,TRUE
????,@killed,event,TRUE
???,@killed,event,TRUE
??????,@martyred,event,TRUE
???????,@martyred,event,TRUE
???,@death,event,TRUE
????,@death,event,TRUE
??????,@beginning,event,TRUE
????????,@occupation,event,TRUE
??????,@occupation,event,TRUE
???????,@occupation,event,TRUE
??????,@occupation,event,TRUE
?????,@theElephant,event,TRUE
??????,@Quran,object,TRUE
?????,@Idols,object,TRUE
???,@Idols,object,TRUE
???,@HubalIdol,object,TRUE
?????,@AlatGod,entity,TRUE
????,@ManatGod,entity,TRUE
???,@Burial,event,TRUE
????,@Hajj,event,TRUE
?????,@Birth,event,TRUE
?????,@Marriage,event,TRUE
????,@Marriage,event,TRUE
?????,@Hums,event,TRUE
?????,@ConversiontoIslam,event,TRUE
????,@ConversiontoIslam,event,TRUE
???????,@Gospels,object,TRUE
????? ??????,@RevelationQuran,event,TRUE
?? ???? ????,@RevelationQuran,event,TRUE
?? ????? ????,@RevelationQuran,event,TRUE
?? ??? ???,@RevelationQuran,event,TRUE
???? ????,@RevelationQuran,event,TRUE
?? ??? ????,@RevelationQuran,event,TRUE
???? ????,@RevelationQuran,event,TRUE
???? ??? ?????,@RevelationQuran,event,TRUE
?? ??? ??,@RevelationQuran,event,TRUE
?? ??? ????,@RevelationQuran,event,TRUE
?? ??? ??,@RevelationQuran,event,TRUE
???? ??????,@RevelationQuran,event,TRUE
???? ?????,@RevelationQuran,event,TRUE
??????,@Prayer,entity,TRUE
???????,@Boycott,event,TRUE
???????,@MiCraj,event,TRUE
?? ???,@witnessing,event,TRUE
??????,@CallToPrayer,event,TRUE
????? ??? ????,@TafsirIbnHisham,entity,TRUE
??????,@Qibla,entity,TRUE
??? ??????,@BadrBattle,event,TRUE
??? ???,@BadrBattle,event,TRUE
???,@Quantity,entity,TRUE
???,@Quantity,entity,TRUE
????,@TakenPrisoner,event,TRUE
?????,@Dating,entity,TRUE
?????,@Dating,entity,TRUE
???? ???,@UhudBattle,event,TRUE
??? ???,@UhudBattle,event,TRUE
???,@SafarMonth,time,TRUE
??? ????,@Year3,time,TRUE
??? ????,@Year4,time,TRUE
?????,@ShaCbanMonth,time,TRUE
???? ?????,@RabiCAwwalMonth,time,TRUE
??? ???,@Year5,time,TRUE
????,@ShawwalMonth,time,TRUE
???? ??????,@TrenchBattle,event,TRUE
??? ??????,@TrenchBattle,event,TRUE
??? ??,@Year6,time,TRUE
????????,@HudaybiyyaTreaty,event,TRUE
??????,@Truce,event,TRUE
?????,@Truce,event,TRUE
?????? ,@MuharramMonth,time,TRUE
??? ???,@Year7,time,TRUE
??? ????,@KhaybarExpedition,event,TRUE
?????? ??? ????,@KhaybarExpedition,event,TRUE
?? ??????,@DhuQaCdaMonth,time,TRUE
?? ??????,@DhuQaCdaMonth,time,TRUE
??? ????,@Year8,time,TRUE
????? ??????,@JumadaAwwalMonth,time,TRUE
???? ????,@MutaRaid,event,TRUE
??? ???,@MeccaSiege,event,TRUE
?????,@RamadanMonth,time,TRUE
???? ??????,@TaifRaid,event,TRUE
??? ??????,@TaifRaid,event,TRUE
???,@RajabMonth,time,TRUE
??? ???,@Year9,time,TRUE
???? ????,@TabukRaid,event,TRUE
?????,@Marriage,event,TRUE
????,@Illness,event,TRUE
?????,@Illness,event,TRUE
?????,@Illness,event,TRUE
?????,@Saqifa,event,TRUE
???,@AdamProphet,person,TRUE
??? ????,@IbnHishamAuthor,person,TRUE
???????,@IsmaCilProphet,person,TRUE
???,@MaCd,person,TRUE
?????,@Cadnan,person,TRUE
??,@Cak,person,TRUE
?????,@QudaCa,person,TRUE
??? ?? ???,@QunusIbnMaCd,person,TRUE
??????? ?? ??????,@NuCmanIbnMundhir,person,TRUE
???????,@NuCmanIbnMundhir,person,TRUE
??? ?? ???,@LakhmIbnCadi,person,TRUE
???? ?? ????,@CamrIbnCamir,person,TRUE
????? ?? ???,@RabiCIbnNasr,person,TRUE
????,@SatihSoothsayer,person,TRUE
?????,@Abraha,person,TRUE
??,@ShiqqSoothsayer,person,TRUE
?????,@Bajila,person,TRUE
????,@Tiban,person,TRUE
???? ?? ???,@CAmrIbnTalla,person,TRUE
???? ?? ????,@HassanIbnTiban,person,TRUE
????,@CAmrIbnTiban,person,TRUE
?? ????,@DhuNuwas,person,TRUE
?? ?????,@DhuShanatir,person,TRUE
??? ???? ?? ??????,@CabdallahIbnalThamir,person,TRUE
??? ??????,@CabdallahIbnalThamir,person,TRUE
????,@EmperorRome,person,TRUE
?????,@Aryat,person,TRUE
???????,@Negus,person,TRUE
????,@NufaylIbnHabib,person,TRUE
??? ??????,@AbdalMuttalib,person,TRUE
?????,@Hunata,person,TRUE
?? ???,@DhuNafr,person,TRUE
????,@Unays,person,TRUE
?????,@KhuwaylidIbnWathila,person,TRUE
?????? ?? ?????,@al-AswadIbnMafsud,person,TRUE
??? ?? ?? ???,@SayfIbnDhuYazan,person,TRUE
??? ?? ???,@SayfIbnDhuYazan,person,TRUE
????,@Wahriz,person,TRUE
????,@ChosroesShah,person,TRUE
???? ?? ???,@NizarIbnMaCd,person,TRUE
???,@Mudar,person,TRUE
?????,@Anmar,person,TRUE
?????,@Ilyas,person,TRUE
???? ?? ???,@CamrIbnLuhayy,person,TRUE
??? ????,@AbdManaf,person,TRUE
????,@Hashim,person,TRUE
??? ?? ???,@CaufIbnLuay,person,TRUE
??? ?? ????,@QusayyIbnKilab,person,TRUE
??? ???,@AbdShams,person,TRUE
??? ???? ?? ??? ??????,@AbdAllahIbnMutallib,person,TRUE
?????,@Halima,person,TRUE
????,@AminaMotherProphet,person,TRUE
??????,@CabbasIbnCabdMutallib,person,TRUE
??? ????,@AbuTalib,person,TRUE
??? ????,@AbuTalib,person,TRUE
?????,@BahiraMonk,person,TRUE
?????,@KhadijaWife,person,TRUE
?????,@GabrielAngel,person,TRUE
??? ?? ??? ????,@CaliIbnAbiTalib,person,TRUE
???,@CaliIbnAbiTalib,person,TRUE
??? ???,@AbuBakr,person,TRUE
??? ???,@AbuBakr,person,TRUE
?????,@CuthmanIbnAffan,person,TRUE
?????? ,@ZubayrIbnAwwam,person,TRUE
????,@TalhaIbnUbayullah,person,TRUE
?????? ?? ???????,@WalidIbnMughira,person,TRUE
????,@HamzaIbnCabdMutallib,person,TRUE
??? ???,@AbuJahl,person,TRUE
??? ???,@AbuJahl,person,TRUE
???? ?? ?????,@CutbaIbnRabiCa,person,TRUE
??? ?????,@AbuSufyan,person,TRUE
??? ?????,@AbuSufyan,person,TRUE
??????,@AkhnasIbnShariq,person,TRUE
????,@Bilal,person,TRUE
??? ????,@CabdAllahIbnCabbas,person,TRUE
??? ?? ??????,@CumarIbnKhattab,person,TRUE
???,@CumarIbnKhattab,person,TRUE
???????,@AbrahamProphet,person,TRUE
????,@MosesProphet,person,TRUE
????,@JesusProphet,person,TRUE
???? ?? ?????,@AsaCdIbnZurara,person,TRUE
?? ???????,@DhuQarnayn,person,TRUE
?? ???????,@DhuQarnayn,person,TRUE
?? ???????,@DhuQarnayn,person,TRUE
?????,@ZakariaProphet,person,TRUE
????,@Maryam,person,TRUE
????,@Camir,person,TRUE
?????,@CaishaProphetWife,person,TRUE
????? ?? ??????,@UbaydaIbnHarith,person,TRUE
??? ?????,@AbuSufyan,person,TRUE
??? ?????,@AbuSufyan,person,TRUE
???? ?? ????,@SuhaylIbnCamr,person,TRUE
??? ????? ?? ??????,@AbuCasIbnRabiCa,person,TRUE
??? ????? ?? ??????,@AbuCasIbnRabiCa,person,TRUE
??? ?????,@AbuCasIbnRabiCa,person,TRUE
??? ?????,@AbuCasIbnRabiCa,person,TRUE
????,@ZaynabBintMuhammad,person,TRUE
??? ?? ?????,@ZaydIbnHaritha,person,TRUE
???,@Hind,person,TRUE
???? ?? ????? ,@CamrIbnCas,person,TRUE
???? ?? ??????,@KhalidIbnWalid,person,TRUE
??? ????,@AbuJandal,person,TRUE
??? ????,@AbuJandal,person,TRUE
??? ???? ?? ????,@AbdullahIbnUmayya,person,TRUE
??????,@Musaylima,person,TRUE
?????,@theArabs,group,TRUE
?????????,@Christianity,group,TRUE
????,@Himyar,group,TRUE
?????,@thePersians,group,TRUE
???????,@theAbyssinians,group,TRUE
?????,@descendents,group,TRUE
???,@descendentsTribe,group,TRUE
???,@descendents,group,TRUE
???????,@Tribe,group,TRUE
?????,@BanuKhuzaCa,group,TRUE
?????,@BanuKinana,group,TRUE
????,@Quraysh,group,TRUE
,,group,TRUE
??????,@Soothsayers,group,TRUE
????,@Soothsayers,group,TRUE
????,@Jews,group,TRUE
???????,@Monks,group,TRUE
???????,@Christians,group,TRUE
???????,@Companions,group,TRUE
????? ???? ????,@Companions,group,TRUE
???????,@enemies,group,TRUE
???????,@enemies,group,TRUE
?????,@enemies,group,TRUE
????????,@polytheists,group,TRUE
????????,@polytheists,group,TRUE
??? ????,@BanuHashim,group,TRUE
??? ????,@BanuHashim,group,TRUE
??? ????,@BanuUmayya,group,TRUE
??? ????,@BanuUmayya,group,TRUE
??? ???,@BanuAsad,group,TRUE
??? ???,@BanuAsad,group,TRUE
??? ??? ???,@BanuCabdShams,group,TRUE
??? ??? ???,@BanuCabdShams,group,TRUE
??? ????,@BanuNaufal,group,TRUE
??? ????,@BanuNaufal,group,TRUE
??? ??? ?? ???,@BanuCabdIbnQusayy,group,TRUE
??? ??? ?? ???,@BanuCabdIbnQusayy,group,TRUE
??? ??? ????? ?? ???,@BanuCabdDarIbnQusayy,group,TRUE
??? ??? ????? ?? ???,@BanuCabdDarIbnQusayy,group,TRUE
??? ??? ?????,@BanuCabdDarIbnQusayy,group,TRUE
??? ??? ?????,@BanuCabdDarIbnQusayy,group,TRUE
??? ????,@BanuZuhra,group,TRUE
??? ????,@BanuZuhra,group,TRUE
 ??? ????,@BanuHudayl,group,TRUE
 ??? ????,@BanuHudayl,group,TRUE
??? ???,@BanuTaym,group,TRUE
??? ???,@BanuTaym,group,TRUE
??? ?????,@BanuMakhzum,group,TRUE
??? ?????,@BanuMakhzum,group,TRUE
??? ???,@BanuJumah,group,TRUE
??? ???,@BanuJumah,group,TRUE
??? ???,@BanuSahm,group,TRUE
??? ???,@BanuSahm,group,TRUE
???,@BanuSahm,group,TRUE
??? ???,@BanuCadiyy,group,TRUE
??? ???,@BanuCadiyy,group,TRUE
??? ????,@BanuCamir,group,TRUE
??? ????,@BanuCamir,group,TRUE
??? ??????,@BanuHarith,group,TRUE
??? ??????,@BanuHarith,group,TRUE
?????????,@Immigrants,group,TRUE
?????????,@Immigrants,group,TRUE
????,@BanuThaqif,group,TRUE
??? ???,@BanuKalb,group,TRUE
??? ???,@BanuKalb,group,TRUE
??? ?????,@BanuHanifa,group,TRUE
??? ?????,@BanuHanifa,group,TRUE
???????,@Helpers,group,TRUE
??? ??????,@BanuNajjar,group,TRUE
??? ??????,@BanuNajjar,group,TRUE
??? ????,@BanuZurayq,group,TRUE
??? ????,@BanuZurayq,group,TRUE
??? ???,@BanuCauf,group,TRUE
??? ???,@BanuCauf,group,TRUE
??? ????,@BanuSalim,group,TRUE
??? ????,@BanuSalim,group,TRUE
??? ????,@BanuSalima,group,TRUE
??? ????,@BanuSalima,group,TRUE
??? ????,@BanuSawad,group,TRUE
??? ????,@BanuSawad,group,TRUE
?????,@BanuAus,group,TRUE
?????,@BanuAus,group,TRUE
??? ????,@BanuCamr,group,TRUE
??? ????,@BanuCamr,group,TRUE
??? ??? ??????,@BanuCabdAshhal,group,TRUE
??? ??? ??????,@BanuCabdAshhal,group,TRUE
??? ????? ?? ??????,@BanuHarithIbnHarith,group,TRUE
??? ????? ?? ??????,@BanuHarithIbnHarith,group,TRUE
???  ???? ?? ???,@BanuCamrIbnCauf,group,TRUE
???  ???? ?? ???,@BanuCamrIbnCauf,group,TRUE
??? ???? ?? ?????,@BanuCamrIbnMabdhul,group,TRUE
??? ???? ?? ?????,@BanuCamrIbnMabdhul,group,TRUE
 ??? ???? ?? ????,@BanuCamrIbnMalik,group,TRUE
 ??? ???? ?? ????,@BanuCamrIbnMalik,group,TRUE
??? ???? ?? ??????,@BanuMazimIbnNajjar,group,TRUE
??? ???? ?? ??????,@BanuMazimIbnNajjar,group,TRUE
??? ????? ,@BanuBayadaIbnCamir,group,TRUE
??? ?????,@BanuBayadaIbnCamir,group,TRUE
??? ????,@BanuZurayq,group,TRUE
??? ????,@BanuZurayq,group,TRUE
??? ??? ?? ????,@BanuGhanamIbnSawad,group,TRUE
??? ??? ?? ????,@BanuGhanamIbnSawad,group,TRUE
??? ???? ?? ????,@BanuNabiIbnCamr,group,TRUE
??? ???? ?? ????,@BanuNabiIbnCamr,group,TRUE
??? ???? ?? ???,@BanuHaramIbnKaCb,group,TRUE
??? ???? ?? ???,@BanuHaramIbnKaCb,group,TRUE
??? ??? ?? ??????,@BanuCaufIbnKhazraj,group,TRUE
??? ??? ?? ??????,@BanuCaufIbnKhazraj,group,TRUE
??? ?????,@BanuSaCidaIbnKaCb,group,TRUE
??? ?????,@BanuSaCidaIbnKaCb,group,TRUE
??? ???? ?? ??????,@BanuMazinIbnNajjar,group,TRUE
??? ???? ?? ??????,@BanuMazinIbnNajjar,group,TRUE
??? ???? ?? ???,@BanuSalimIbnGhanm,group,TRUE
??? ???? ?? ???,@BanuSalimIbnGhanm,group,TRUE
?????? ?? ?????,@BanuKhazrajIbnHaritha,group,TRUE
?????? ?? ??????,@BanuHarithIbnKhazraj,group,TRUE
??? ???? ?? ???,@BanuSalamaIbnSacd,group,TRUE
??? ???? ?? ???,@BanuSalamaIbnSacd,group,TRUE
??? ???? ?? ???,@BanuSawadIbnGhanm,group,TRUE
??? ???? ?? ???,@BanuSawadIbnGhanm,group,TRUE
??? ??????,@BanuNadir,group,TRUE
??? ??????,@BanuNadir,group,TRUE
??? ?????,@BanuThaClaba,group,TRUE
??? ?????,@BanuThaClaba,group,TRUE
??? ??????,@BanuQaynuqaC,group,TRUE
??? ??????,@BanuQaynuqaC,group,TRUE
??? ?????,@BanuQurayza,group,TRUE
??? ?????,@BanuQurayza,group,TRUE
??? ????,@BanuZurayq,group,TRUE
??? ????,@BanuZurayq,group,TRUE
??? ?????,@BanuHaritha,group,TRUE
??? ?????,@BanuHaritha,group,TRUE
 ??? ????,@BanuHubayb,group,TRUE
 ??? ????,@BanuHubayb,group,TRUE
??? ?????,@BanuDubayCa,group,TRUE
??? ?????,@BanuDubayCa,group,TRUE
??? ?????,@BanuLaudhan,group,TRUE
??? ?????,@BanuLaudhan,group,TRUE
??? ????,@BanuCubayd,group,TRUE
??? ????,@BanuCubayd,group,TRUE
??? ??????,@BanuNabit,group,TRUE
??? ??????,@BanuNabit,group,TRUE
??? ???,@BanuZafar,group,TRUE
??? ???,@BanuZafar,group,TRUE
??? ??? ??????,@BanuCabdAshhal,group,TRUE
??? ??? ??????,@BanuCabdAshhal,group,TRUE
??? ???,@BanuJusham,group,TRUE
??? ???,@BanuJusham,group,TRUE
??????,@Hypocrites,group,TRUE
??? ????,@BanuDamra,group,TRUE
??? ????,@BanuDamra,group,TRUE
??????,@unbeliever,group,TRUE
??????,@Muslims,group,TRUE
??? ????,@BanuKabir,group,TRUE
??? ????,@BanuKabir,group,TRUE
??? ???? ?? ???,@BanuCubaydIbnKaCb,group,TRUE
??? ???? ?? ???,@BanuCubaydIbnKaCb,group,TRUE
??? ??? ?? ????,@BanuCabdIbnRizah,group,TRUE
??? ??? ?? ????,@BanuCabdIbnRizah,group,TRUE
??? ?????,@BanuJahjaba,group,TRUE
??? ?????,@BanuJahjaba,group,TRUE
??? ???,@BanuGhanm,group,TRUE
??? ???,@BanuGhanm,group,TRUE
??? ??????,@BanuMuCawiya,group,TRUE
??? ??????,@BanuMuCawiya,group,TRUE
??? ???? ?????,@BanuImruQays,group,TRUE
??? ???? ?????,@BanuImruQays,group,TRUE
??? ???,@BanuZayd,group,TRUE
??? ???,@BanuZayd,group,TRUE
??? ????,@BanuAhmar,group,TRUE
??? ????,@BanuAhmar,group,TRUE
??? ???,@BanuJusham,group,TRUE
??? ???,@BanuJusham,group,TRUE
??? ?????,@BanuJidara,group,TRUE
??? ?????,@BanuJidara,group,TRUE
??? ??????,@BanuAbjar,group,TRUE
??? ??????,@BanuAbjar,group,TRUE
??? ???,@BanuJaz,group,TRUE
??? ???,@BanuJaz,group,TRUE
??? ????,@BanuAsram,group,TRUE
??? ????,@BanuAsram,group,TRUE
??? ???,@BanuDaCd,group,TRUE
??? ???,@BanuDaCd,group,TRUE
??? ?????,@BanuBadiy,group,TRUE
??? ?????,@BanuBadiy,group,TRUE
 ??? ????,@BanuTarif,group,TRUE
 ??? ????,@BanuTarif,group,TRUE
??? ???????,@BanuNuCman,group,TRUE
??? ???????,@BanuNuCman,group,TRUE
??? ??? ?? ????,@BanuCadiyIbnNabi,group,TRUE
??? ??? ?? ????,@BanuCadiyIbnNabi,group,TRUE
??? ????,@BanuKhalid,group,TRUE
??? ????,@BanuKhalid,group,TRUE
??? ????,@BanuKhalada,group,TRUE
??? ????,@BanuKhalada,group,TRUE
??? ???????,@BanuCajlan,group,TRUE
??? ???????,@BanuCajlan,group,TRUE
??? ?????,@BanuCusayra,group,TRUE
??? ?????,@BanuCusayra,group,TRUE
??? ???? ?? ?????,@BanuCubaydIbnThaClaba,group,TRUE
??? ???? ?? ?????,@BanuCubaydIbnThaClaba,group,TRUE
??? ????,@BanuCaidh,group,TRUE
??? ????,@BanuCaidh,group,TRUE
??? ???? ?? ????,@BanuCamirIbnMalik,group,TRUE
??? ???? ?? ????,@BanuCamirIbnMalik,group,TRUE
??? ??? ?? ????,@BanuCadiyIbnCamr,group,TRUE
??? ??? ?? ????,@BanuCadiyIbnCamr,group,TRUE
??? ??? ?? ??????,@BanuCadiyIbnNajjar,group,TRUE
??? ??? ?? ??????,@BanuCadiyIbnNajjar,group,TRUE
??? ???? ?? ????,@BanuHaramIbnJundub,group,TRUE
??? ???? ?? ????,@BanuHaramIbnJundub,group,TRUE
??? ????? ?? ?????,@BanuKhansaIbnMabdhul,group,TRUE
??? ????? ?? ?????,@BanuKhansaIbnMabdhul,group,TRUE
??? ????? ?? ????,@BanuThaClabaIbnMazin,group,TRUE
??? ????? ?? ????,@BanuThaClabaIbnMazin,group,TRUE
 ??? ?????,@BanuDinarIbnNajjar,group,TRUE
 ??? ?????,@BanuDinarIbnNajjar,group,TRUE
??? ?????? ?? ???,@BanuHarithIbnFihr,group,TRUE
??? ?????? ?? ???,@BanuHarithIbnFihr,group,TRUE
??? ?????? ?? ??????,@BanuHarithIbnKhazraj,group,TRUE
??? ?????? ?? ??????,@BanuHarithIbnKhazraj,group,TRUE
??? ???? ?? ???,@BanuTaymIbnMurra,group,TRUE
??? ????,@BanuSulaym,group,TRUE
??? ????,@BanuSulaym,group,TRUE
????,@AhlRatij,group,TRUE
??? ?????,@BanuMabdhul,group,TRUE
??? ?????,@BanuMabdhul,group,TRUE
??? ????,@BanuMazin,group,TRUE
??? ????,@BanuMazin,group,TRUE
??? ??????,@BanuHubla,group,TRUE
??? ??????,@BanuHubla,group,TRUE
???????,@martyrs,group,TRUE
??? ????,@BanuKhutma,group,TRUE
??? ????,@BanuKhutma,group,TRUE
?????,@BanuGhatafan,group,TRUE
??? ???,@BanuHadl,group,TRUE
??? ???,@BanuHadl,group,TRUE
??? ?????,@BanuLihyan,group,TRUE
??? ?????,@BanuLihyan,group,TRUE
??? ???????,@BanuMustaliq,group,TRUE
??? ???????,@BanuMustaliq,group,TRUE
????????,@Believers,group,TRUE
????????,@Believers,group,TRUE
???,@BanuBakr,group,TRUE
??? ?????,@BanuJadhima,group,TRUE
??? ?????,@BanuJadhima,group,TRUE
?????,@Yemen,place,TRUE
??????,@Iraq,place,TRUE
????,@Medina,place,TRUE
???????,@Medina,place,TRUE
?????,@KaCba,place,TRUE
??????,@KaCba,place,TRUE
??????,@Abyssinia,place,TRUE
???,@Mecca,place,TRUE
?????,@GreaterSyria,place,TRUE
????,@Oman,place,TRUE
????,@Zamzam,place,TRUE
??????,@Mosul,place,TRUE
??????,@Nisibis,place,TRUE
??????,@Amorium,place,TRUE
??????,@Caqaba,place,TRUE
???? ????,@QubaMosque,place,TRUE
????,@QubaMosque,place,TRUE
?????,@Najran,place,TRUE
????,@Waddan,place,TRUE
????,@Buwat,place,TRUE
???????,@Ushayra,place,TRUE
?????,@Safwan,place,TRUE
???,@Badr,place,TRUE
?????,@Kudr,place,TRUE
??????,@Qarada,place,TRUE
 ????,@Khaybar,place,TRUE
????,@Muta,place,TRUE
??????,@Taif,place,TRUE
????,@Tabuk,place,TRUE
??????,@Palestine,place,TRUE
??? ?????,@Coast,place,TRUE
???? ??????,@RabiCAkharlMonth,time,TRUE
???? ??????,@RabiCAkharlMonth,time,TRUE
????? ?????? ,@JumadaAkharMonth,time,TRUE
????? ??????,@JumadaAkharMonth,time,TRUE
?? ?????,@DhuHijjaMonth,time,TRUE
?? ?????,@DhuHijjaMonth,time,TRUE
???????,@idols,object,FALSE
???????,@idols,object,FALSE
????,@PoetryLament,entity,FALSE
????,@genealogy,entity,FALSE
?????,@Tafsir,entity,FALSE
????,@Poetry,entity,FALSE
????,@Khutba,entity,FALSE
???,@Khutba,entity,FALSE
?????,@Dating,entity,FALSE
?????,@Quantity,entity,FALSE
???????,@Dating,entity,FALSE
?????,@provocation,entity,FALSE
?????,@spoils,object,FALSE
?????,@spoils,object,FALSE
????,@Hajar,person,FALSE
????,@Khindif,person,FALSE
???,@NoahProphet,person,FALSE
??? ?? ????,@QusayyIbnKilab,person,FALSE
???,@QusayyIbnKilab,person,FALSE
??? ????,@CabdAllahIbnMutallib,person,FALSE
??? ???? ?? ??? ??????,@CabdAllahIbnMutallib,person,FALSE
??? ????,@AbuTalib,person,FALSE
??? ???,@AbuBakr,person,FALSE
????,@CutbaIbnRabiCa,person,FALSE
??? ???,@AbuJahl,person,FALSE
???? ?????,@EmperorRome,person,FALSE
??????,@CabbasIbnCabdMutallib,person,FALSE
????,@CamrIbnCas,person,FALSE
????,@KhalidIbnWalid,person,FALSE
????,@SawdaWife,person,FALSE
???? ??? ???,@ZaynadBintJahshWife,person,FALSE
?? ????,@UmSalamaWife,person,FALSE
????,@HafsaWife,person,FALSE
?? ?????,@UmHabibaWife,person,FALSE
??????,@JuwayriyaWife,person,FALSE
????,@SafiyyaWife,person,FALSE
??????,@MaymunaWife,person,FALSE
???? ??? ?????,@ZaynadBintKhuzaymaWife,person,FALSE
???????,@descendants,group,FALSE
??????,@descendents,group,FALSE
????,@descendents,group,FALSE
????,@origins,group,FALSE
???????,@origins,group,FALSE
?????,@BanuQudaCa,group,FALSE
??? ???,@BanuSaCd,group,FALSE
??? ???,@BanuSaCd,group,FALSE
?????,@Tribe,group,FALSE
??? ??? ????,@BanuCabdManaf,group,FALSE
??? ??? ????,@BanuCabdManaf,group,FALSE
???????,@Rabbis,group,FALSE
??????,@Jews,group,FALSE
???????,@Jews,group,FALSE
??????,@BanuKhazraj,group,FALSE
??????,@Companions,group,FALSE
?????????,@Immigrants,group,FALSE
??????,@theAbyssinians,group,FALSE
????????,@Muslims,group,FALSE
??? ??? ?? ?????,@BanuQaysIbnThaCliba,group,FALSE
??? ??? ?? ?????,@BanuQaysIbnThaCliba,group,FALSE
??????????,@Mockers,group,FALSE
??????????,@Mockers,group,FALSE
?????,@BanuMakhzum,group,FALSE
??? ???? ?? ???,@BanuCamrIbnCauf,group,FALSE
??? ???? ?? ???,@BanuCamrIbnCauf,group,FALSE
??? ???,@BanuJahsh,group,FALSE
??? ???,@BanuJahsh,group,FALSE
???,@descendentsTribe,group,FALSE
??? ????,@BanuCamrIbnCauf,group,FALSE
??? ????,@BanuCamrIbnCauf,group,FALSE
??? ???,@BanuCaufIbnKhazraj,group,FALSE
??? ???,@BanuCaufIbnKhazraj,group,FALSE
????????? ,@Hypocrites,group,FALSE
????????? ,@Hypocrites,group,FALSE
?????,@Rabbis,group,FALSE
????????,@Believers,group,FALSE
????????,@Believers,group,FALSE
????????,@Muslims,group,FALSE
????????,@Muslims,group,FALSE
??????,@Muslims,group,FALSE
??????,@enemies,group,FALSE
????????,@polytheists,group,FALSE
????????,@polytheists,group,FALSE
??? ???? ?????,@BanuImruQays,group,FALSE
??? ???? ?????,@BanuImruQays,group,FALSE
??? ????,@BanuKhunas,group,FALSE
??? ????,@BanuKhunas,group,FALSE
??? ????,@BanuHabib,group,FALSE
??? ????,@BanuHabib,group,FALSE
????????,@WitnessesBadr,group,FALSE
??? ??? ?????,@BanuCabdDar,group,FALSE
??? ??? ?????,@BanuCabdDar,group,FALSE
??? ????,@BanuCamirIbnLuayy,group,FALSE
??? ????,@BanuCamirIbnLuayy,group,FALSE
??? ??????,@BanuMuttalib,group,FALSE
??? ??????,@BanuMuttalib,group,FALSE
??? ?????,@BanuSalm,group,FALSE
??? ?????,@BanuSalm,group,FALSE
??? ???,@BanuCaufIbnKhazraj,group,FALSE
??? ???,@BanuCaufIbnKhazraj,group,FALSE
??? ??????,@BanuKhazraj,group,FALSE
??? ??????,@BanuKhazraj,group,FALSE
??????,@Immigrants,group,FALSE
??? ??????,@BanuHarithIbnFihr,group,FALSE
??? ??????,@BanuHarithIbnFihr,group,FALSE
???????,@Immigrants,group,FALSE
?????,@Byzantines,group,FALSE
??? ????,@BanuMalik,group,FALSE
??? ????,@BanuMalik,group,FALSE
??? ????,@BanuRaab,group,FALSE
??? ????,@BanuRaab,group,FALSE
????,@TribePeople,group,FALSE
???,@TribePeople,group,FALSE
?????,@martyrs,group,FALSE
?????,@Hawazin,group,FALSE
??? ????,@BanuTaym,group,FALSE
??? ????,@BanuTaym,group,FALSE
??? ????,@BanuZubayd,group,FALSE
??? ????,@BanuZubayd,group,FALSE
????,@BanuKinda,group,FALSE
??? ???,@JurashPeople,group,FALSE
??? ?????? ?? ???,@BanuHarithIbnKaCb,group,FALSE
??? ?????? ?? ???,@BanuHarithIbnKaCb,group,FALSE
??? ??????,@BanuMulawwah,group,FALSE
??? ??????,@BanuMulawwah,group,FALSE
??? ?????,@BanuFazara,group,FALSE
??? ?????,@BanuFazara,group,FALSE
??? ??????,@BanuACnbar,group,FALSE
??? ??????,@BanuACnbar,group,FALSE
??? ???,@BanuMurra,group,FALSE
??? ???,@BanuMurra,group,FALSE
??? ?????,@BanuSaCida,group,FALSE
??? ?????,@BanuSaCida,group,FALSE
???,@Egypt,place,FALSE
?????,@Hatra,place,FALSE
??????,@KaCba,place,FALSE
???? ???????,@QubaMosque,place,FALSE
????,@Mosque,place,FALSE
????,@Badr,place,FALSE
????,@killed,event,FALSE
????,@death,event,FALSE
????,@Burial,event,FALSE
??????,@FudulConfederacy,event,FALSE
?????,@Birth,event,FALSE
????,@Marriage,event,FALSE
????,@Marriage,event,FALSE
?????,@Marriage,event,FALSE
?????,@Marriage,event,FALSE
??????,@ConversiontoIslam,event,FALSE
?? ????? ?????,@RevelationQuran,event,FALSE
???? ???,@RevelationQuran,event,FALSE
??????,@migration,event,FALSE
???????,@Boycott,event,FALSE
??? ???????,@ConversiontoIslam,event,FALSE
????,@Agreement,event,FALSE
???,@Agreement,event,FALSE
?????,@Agreement,event,FALSE
?? ?????,@witnessing,event,FALSE
???,@Illness,event,FALSE
??????,@expedition,event,FALSE
?????,@expedition,event,FALSE
????,@witnessing,event,FALSE
?? ???,@attending,event,FALSE
????,@killed,event,FALSE
???,@AffairStory,event,FALSE
???,@AffairStory,event,FALSE
???,@AffairStory,event,FALSE
????,@killed,event,FALSE
?????,@death,event,FALSE
?????,@killed,event,FALSE
????,@migration,event,FALSE
??????,@fighting,event,FALSE
??? ??? ?????,@BanuQurayzaRaid,event,FALSE
??? ??????,@TrenchBattle,event,FALSE
?????,@Truce,event,FALSE
?? ?????,@witnessing,event,FALSE
????,@homage,event,FALSE
??????,@homage,event,FALSE
???,@AffairStory,event,FALSE
??? ????,@KhaybarExpedition,event,FALSE
??? ????,@KhaybarExpedition,event,FALSE
????????,@martyred,event,FALSE
??????,@Truce,event,FALSE
???? ??????,@FulfilledPilgrimage,event,FALSE
??? ?????,@MeccaSiege,event,FALSE
???? ????,@HunaynBattle,event,FALSE
??? ????,@HunaynBattle,event,FALSE
????,@HunaynBattle,event,FALSE
??,@Pilgrimage,event,FALSE
???,@AffairStory,event,FALSE
???????,@ConversiontoIslam,event,FALSE
?? ??? ????,@RevelationQuran,event,FALSE
???????,@raid,event,FALSE
??? ??????,@YearofDeputations,event,FALSE
???????,@ConversiontoIslam,event,FALSE
???,@deputation,event,FALSE
?????,@deputation,event,FALSE
?????,@deputation,event,FALSE
??? ??????,@FarewellPilgrimage,event,FALSE
??????,@raid,event,FALSE
?????,@raid,event,FALSE
??????,@Marriage,event,FALSE
??????,@expedition,event,FALSE
??????,@Illness,event,FALSE
???,@beginning,event,FALSE
??????,@Illness,event,FALSE
???????,@Saqifa,event,FALSE
????,@Burial,event,FALSE
??? ?????,@Year8,time,FALSE
